{
  "last_saved": "2025-12-30T23:46:00.810279",
  "stats": {
    "0": {
      "count": 0,
      "sum_entry_bh": 0.0,
      "sum_entry_hb": 0.0,
      "max_entry_bh": 0,
      "max_entry_hb": 0
    },
    "1": {
      "count": 0,
      "sum_entry_bh": 0.0,
      "sum_entry_hb": 0.0,
      "max_entry_bh": 0,
      "max_entry_hb": 0
    },
    "2": {
      "count": 0,
      "sum_entry_bh": 0.0,
      "sum_entry_hb": 0.0,
      "max_entry_bh": 0,
      "max_entry_hb": 0
    },
    "3": {
      "count": 0,
      "sum_entry_bh": 0.0,
      "sum_entry_hb": 0.0,
      "max_entry_bh": 0,
      "max_entry_hb": 0
    },
    "4": {
      "count": 0,
      "sum_entry_bh": 0.0,
      "sum_entry_hb": 0.0,
      "max_entry_bh": 0,
      "max_entry_hb": 0
    },
    "5": {
      "count": 0,
      "sum_entry_bh": 0.0,
      "sum_entry_hb": 0.0,
      "max_entry_bh": 0,
      "max_entry_hb": 0
    },
    "6": {
      "count": 0,
      "sum_entry_bh": 0.0,
      "sum_entry_hb": 0.0,
      "max_entry_bh": 0,
      "max_entry_hb": 0
    },
    "7": {
      "count": 2488,
      "sum_entry_bh": -176.78750065841766,
      "sum_entry_hb": 103.46681554283504,
      "max_entry_bh": -0.005262603936440069,
      "max_entry_hb": 0.142390043244367
    },
    "8": {
      "count": 3556,
      "sum_entry_bh": -226.96928338242262,
      "sum_entry_hb": 107.28208607148213,
      "max_entry_bh": 0.031742672733048316,
      "max_entry_hb": 0.11099365750528722
    },
    "9": {
      "count": 3556,
      "sum_entry_bh": -258.3851636167708,
      "sum_entry_hb": 111.02570494274119,
      "max_entry_bh": 0.03724196637582278,
      "max_entry_hb": 0.11180322632167172
    },
    "10": {
      "count": 3553,
      "sum_entry_bh": -368.8251448790619,
      "sum_entry_hb": 252.519487978684,
      "max_entry_bh": -0.03193357815741704,
      "max_entry_hb": 0.12757814161175052
    },
    "11": {
      "count": 3555,
      "sum_entry_bh": -418.8204278182594,
      "sum_entry_hb": 299.15710029609073,
      "max_entry_bh": -0.05843603909903017,
      "max_entry_hb": 0.14342629482071434
    },
    "12": {
      "count": 3548,
      "sum_entry_bh": -468.2451860518971,
      "sum_entry_hb": 368.17886487249945,
      "max_entry_bh": -0.09011874469888603,
      "max_entry_hb": 0.14345677700440262
    },
    "13": {
      "count": 3555,
      "sum_entry_bh": -402.4961371405449,
      "sum_entry_hb": 309.3072422340873,
      "max_entry_bh": -0.04243356494988415,
      "max_entry_hb": 0.16494625944449837
    },
    "14": {
      "count": 3394,
      "sum_entry_bh": -460.0318463550974,
      "sum_entry_hb": 360.0648000755599,
      "max_entry_bh": 0.0,
      "max_entry_hb": 0.23602617744877818
    },
    "15": {
      "count": 3523,
      "sum_entry_bh": -538.285537025189,
      "sum_entry_hb": 458.0963327495155,
      "max_entry_bh": 0,
      "max_entry_hb": 0.19766013141728767
    },
    "16": {
      "count": 3349,
      "sum_entry_bh": -454.2093921489357,
      "sum_entry_hb": 374.53781920095133,
      "max_entry_bh": 0,
      "max_entry_hb": 0.16597066067030042
    },
    "17": {
      "count": 3241,
      "sum_entry_bh": -433.60950660331906,
      "sum_entry_hb": 366.92233439806387,
      "max_entry_bh": 0,
      "max_entry_hb": 0.1603249251816985
    },
    "18": {
      "count": 3405,
      "sum_entry_bh": -542.5105356868943,
      "sum_entry_hb": 479.2222485742448,
      "max_entry_bh": 0,
      "max_entry_hb": 0.1815754339118847
    },
    "19": {
      "count": 3305,
      "sum_entry_bh": -513.7063312133351,
      "sum_entry_hb": 446.14003138224905,
      "max_entry_bh": 0,
      "max_entry_hb": 0.17622556872798345
    },
    "20": {
      "count": 2641,
      "sum_entry_bh": -397.78950040259605,
      "sum_entry_hb": 345.0682940227689,
      "max_entry_bh": 0,
      "max_entry_hb": 0.18615040953089412
    },
    "21": {
      "count": 792,
      "sum_entry_bh": -118.42227694242628,
      "sum_entry_hb": 102.02071027954183,
      "max_entry_bh": 0,
      "max_entry_hb": 0.17002284682003932
    },
    "22": {
      "count": 0,
      "sum_entry_bh": 0.0,
      "sum_entry_hb": 0.0,
      "max_entry_bh": 0,
      "max_entry_hb": 0
    },
    "23": {
      "count": 896,
      "sum_entry_bh": -167.90299504790616,
      "sum_entry_hb": 122.91038814041201,
      "max_entry_bh": 0,
      "max_entry_hb": 0.16556291390728006
    }
  }
}